Model,MAE,RMSE,R2,WAPE,MAPE,Time (s)
Stacked Ensemble (GPU base + CPU meta),645.8041188244376,937.773298985286,0.9099478493977836,0.09278502954152229,10.393642540766992,10.08
RandomForest,724.6763904028436,1148.9892943540171,0.8648144328605647,0.10411689602408775,11.072920592407396,75.82
XGBoost,823.814697265625,1175.5309970392104,0.8584966659545898,0.11836045089952626,13.419300973149717,2.0
CatBoost,844.7244792255734,1202.2711028473882,0.851985868740648,0.12136464211789723,13.72700395919137,5.33
Weighted Ensemble (GPU),949.8050709651131,1341.1821078475539,0.8158066845953502,0.13646195339943823,15.82999722731656,9.44
